,Train Loss,Test Loss,LR
0,4.463272711883664,3.6419042553862186,0.00025
1,3.521887880215493,3.1936277534643254,0.00047500000000000005
2,3.260525714190775,2.8691315655231646,0.0007000000000000001
